Window;Orientation;Width;Height;Area;Window ID;Frame Type;Frame Material;U;SHGC;HF;Qheating;Exterior Attachment;Tx;Ed;ED;SLF;Doh;Xoh;Fshd;PXI;Type Building;FFs;IntShading ID;Fcl;IACcl;IAC;C_value;CF;Qcooling
East;E;3;1.8;0;1a;Fixed;Aluminum;0.000001;0.000001;0.000001;0;None;0.000001;0.000001;0.000001;0.000001;0.9;0.3;0.000001;0.000001;Single Family Detached;0.000001;RollerDarkOpaque;0.5;0.000001;0.000001;0.000001;0.000001;0
West;W;4;1.8;0;1a;Fixed;Aluminum;0.000001;0.000001;0.000001;0;None;0.000001;0.000001;0.000001;0.000001;0.9;0.3;0.000001;0.000001;Single Family Detached;0.000001;RollerDarkOpaque;0.5;0.000001;0.000001;0.000001;0.000001;0
South fixed;S;1.5;1.8;0;1a;Fixed;Aluminum;0.000001;0.000001;0.000001;0;None;0.000001;0.000001;0.000001;0.000001;0.9;0.3;0.000001;0.000001;Single Family Detached;0.000001;RollerDarkOpaque;0.5;0.000001;0.000001;0.000001;0.000001;0
South operable;S;1.5;1.8;0;1a;Operable;Aluminum;0.000001;0.000001;0.000001;0;ExteriorInsectNet;0.000001;0.000001;0.000001;0.000001;0.9;0.3;0.000001;0.000001;Single Family Detached;0.000001;RollerDarkOpaque;0.5;0.000001;0.000001;0.000001;0.000001;0
